# Fonte: calculadora-pro.db (ALIQUOTA_AD_VALOREM_PRODUTO, tributo IS). Alíquota em %
ncm_prefixo;aliquota;inicio_vigencia;fim_vigencia;excecoes
22021000;10.0;2027-01-01;2033-12-31;
22030000;3.0;2027-01-01;2028-12-31;
22030000;5.0;2029-01-01;2029-12-31;
22030000;7.0;2030-01-01;2030-12-31;
22030000;9.0;2031-01-01;2031-12-31;
22030000;11.0;2032-01-01;2032-12-31;
22030000;20.0;2033-01-01;2033-12-31;
22041010;3.0;2027-01-01;2028-12-31;
22041010;5.0;2029-01-01;2029-12-31;
22041010;7.0;2030-01-01;2030-12-31;
22041010;9.0;2031-01-01;2031-12-31;
22041010;11.0;2032-01-01;2032-12-31;
22041010;20.0;2033-01-01;2033-12-31;
22041090;3.0;2027-01-01;2028-12-31;
22041090;5.0;2029-01-01;2029-12-31;
22041090;7.0;2030-01-01;2030-12-31;
22041090;9.0;2031-01-01;2031-12-31;
22041090;11.0;2032-01-01;2032-12-31;
22041090;20.0;2033-01-01;2033-12-31;
22042211;3.0;2027-01-01;2028-12-31;
22042211;5.0;2029-01-01;2029-12-31;
22042211;7.0;2030-01-01;2030-12-31;
22042211;9.0;2031-01-01;2031-12-31;
22042211;11.0;2032-01-01;2032-12-31;
22042211;20.0;2033-01-01;2033-12-31;
22042219;3.0;2027-01-01;2028-12-31;
22042219;5.0;2029-01-01;2029-12-31;
22042219;7.0;2030-01-01;2030-12-31;
22042219;9.0;2031-01-01;2031-12-31;
22042219;11.0;2032-01-01;2032-12-31;
22042219;20.0;2033-01-01;2033-12-31;
22042220;3.0;2027-01-01;2028-12-31;
22042220;5.0;2029-01-01;2029-12-31;
22042220;7.0;2030-01-01;2030-12-31;
22042220;9.0;2031-01-01;2031-12-31;
22042220;11.0;2032-01-01;2032-12-31;
22042220;20.0;2033-01-01;2033-12-31;
22042910;3.0;2027-01-01;2028-12-31;
22042910;5.0;2029-01-01;2029-12-31;
22042910;7.0;2030-01-01;2030-12-31;
22042910;9.0;2031-01-01;2031-12-31;
22042910;11.0;2032-01-01;2032-12-31;
22042910;20.0;2033-01-01;2033-12-31;
22042920;3.0;2027-01-01;2028-12-31;
22042920;5.0;2029-01-01;2029-12-31;
22042920;7.0;2030-01-01;2030-12-31;
22042920;9.0;2031-01-01;2031-12-31;
22042920;11.0;2032-01-01;2032-12-31;
22042920;20.0;2033-01-01;2033-12-31;
22043000;3.0;2027-01-01;2028-12-31;
22043000;5.0;2029-01-01;2029-12-31;
22043000;7.0;2030-01-01;2030-12-31;
22043000;9.0;2031-01-01;2031-12-31;
22043000;11.0;2032-01-01;2032-12-31;
22043000;20.0;2033-01-01;2033-12-31;
22051000;7.0;2027-01-01;2028-12-31;
22051000;9.0;2029-01-01;2029-12-31;
22051000;11.0;2030-01-01;2030-12-31;
22051000;13.0;2031-01-01;2031-12-31;
22051000;15.0;2032-01-01;2032-12-31;
22051000;26.0;2033-01-01;2033-12-31;
22059000;7.0;2027-01-01;2028-12-31;
22059000;9.0;2029-01-01;2029-12-31;
22059000;11.0;2030-01-01;2030-12-31;
22059000;13.0;2031-01-01;2031-12-31;
22059000;15.0;2032-01-01;2032-12-31;
22059000;26.0;2033-01-01;2033-12-31;
22060010;3.0;2027-01-01;2028-12-31;
22060010;5.0;2029-01-01;2029-12-31;
22060010;7.0;2030-01-01;2030-12-31;
22060010;9.0;2031-01-01;2031-12-31;
22060010;11.0;2032-01-01;2032-12-31;
22060010;20.0;2033-01-01;2033-12-31;
22060090;3.0;2027-01-01;2028-12-31;
22060090;5.0;2029-01-01;2029-12-31;
22060090;7.0;2030-01-01;2030-12-31;
22060090;9.0;2031-01-01;2031-12-31;
22060090;11.0;2032-01-01;2032-12-31;
22060090;20.0;2033-01-01;2033-12-31;
22083010;17.0;2027-01-01;2028-12-31;
22083010;19.0;2029-01-01;2029-12-31;
22083010;21.0;2030-01-01;2030-12-31;
22083010;23.0;2031-01-01;2031-12-31;
22083010;25.0;2032-01-01;2032-12-31;
22083010;36.0;2033-01-01;2033-12-31;
22083020;17.0;2027-01-01;2028-12-31;
22083020;19.0;2029-01-01;2029-12-31;
22083020;21.0;2030-01-01;2030-12-31;
22083020;23.0;2031-01-01;2031-12-31;
22083020;25.0;2032-01-01;2032-12-31;
22083020;36.0;2033-01-01;2033-12-31;
22083090;17.0;2027-01-01;2028-12-31;
22083090;19.0;2029-01-01;2029-12-31;
22083090;21.0;2030-01-01;2030-12-31;
22083090;23.0;2031-01-01;2031-12-31;
22083090;25.0;2032-01-01;2032-12-31;
22083090;36.0;2033-01-01;2033-12-31;
22084000;17.0;2027-01-01;2028-12-31;
22084000;19.0;2029-01-01;2029-12-31;
22084000;21.0;2030-01-01;2030-12-31;
22084000;23.0;2031-01-01;2031-12-31;
22084000;25.0;2032-01-01;2032-12-31;
22084000;36.0;2033-01-01;2033-12-31;
22085000;17.0;2027-01-01;2028-12-31;
22085000;19.0;2029-01-01;2029-12-31;
22085000;21.0;2030-01-01;2030-12-31;
22085000;23.0;2031-01-01;2031-12-31;
22085000;25.0;2032-01-01;2032-12-31;
22085000;36.0;2033-01-01;2033-12-31;
22086000;17.0;2027-01-01;2028-12-31;
22086000;19.0;2029-01-01;2029-12-31;
22086000;21.0;2030-01-01;2030-12-31;
22086000;23.0;2031-01-01;2031-12-31;
22086000;25.0;2032-01-01;2032-12-31;
22086000;36.0;2033-01-01;2033-12-31;
22087000;17.0;2027-01-01;2028-12-31;
22087000;19.0;2029-01-01;2029-12-31;
22087000;21.0;2030-01-01;2030-12-31;
22087000;23.0;2031-01-01;2031-12-31;
22087000;25.0;2032-01-01;2032-12-31;
22087000;36.0;2033-01-01;2033-12-31;
22089000;17.0;2027-01-01;2028-12-31;
22089000;19.0;2029-01-01;2029-12-31;
22089000;21.0;2030-01-01;2030-12-31;
22089000;23.0;2031-01-01;2031-12-31;
22089000;25.0;2032-01-01;2032-12-31;
22089000;36.0;2033-01-01;2033-12-31;
24011010;33.0;2027-01-01;2028-12-31;
24011010;39.0;2029-01-01;2029-12-31;
24011010;44.0;2030-01-01;2030-12-31;
24011010;50.0;2031-01-01;2031-12-31;
24011010;56.0;2032-01-01;2032-12-31;
24011010;91.0;2033-01-01;2033-12-31;
24011020;33.0;2027-01-01;2028-12-31;
24011020;39.0;2029-01-01;2029-12-31;
24011020;44.0;2030-01-01;2030-12-31;
24011020;50.0;2031-01-01;2031-12-31;
24011020;56.0;2032-01-01;2032-12-31;
24011020;91.0;2033-01-01;2033-12-31;
24011030;33.0;2027-01-01;2028-12-31;
24011030;39.0;2029-01-01;2029-12-31;
24011030;44.0;2030-01-01;2030-12-31;
24011030;50.0;2031-01-01;2031-12-31;
24011030;56.0;2032-01-01;2032-12-31;
24011030;91.0;2033-01-01;2033-12-31;
24011040;33.0;2027-01-01;2028-12-31;
24011040;39.0;2029-01-01;2029-12-31;
24011040;44.0;2030-01-01;2030-12-31;
24011040;50.0;2031-01-01;2031-12-31;
24011040;56.0;2032-01-01;2032-12-31;
24011040;91.0;2033-01-01;2033-12-31;
24011090;33.0;2027-01-01;2028-12-31;
24011090;39.0;2029-01-01;2029-12-31;
24011090;44.0;2030-01-01;2030-12-31;
24011090;50.0;2031-01-01;2031-12-31;
24011090;56.0;2032-01-01;2032-12-31;
24011090;91.0;2033-01-01;2033-12-31;
24012010;33.0;2027-01-01;2028-12-31;
24012010;39.0;2029-01-01;2029-12-31;
24012010;44.0;2030-01-01;2030-12-31;
24012010;50.0;2031-01-01;2031-12-31;
24012010;56.0;2032-01-01;2032-12-31;
24012010;91.0;2033-01-01;2033-12-31;
24012020;33.0;2027-01-01;2028-12-31;
24012020;39.0;2029-01-01;2029-12-31;
24012020;44.0;2030-01-01;2030-12-31;
24012020;50.0;2031-01-01;2031-12-31;
24012020;56.0;2032-01-01;2032-12-31;
24012020;91.0;2033-01-01;2033-12-31;
24012030;33.0;2027-01-01;2028-12-31;
24012030;39.0;2029-01-01;2029-12-31;
24012030;44.0;2030-01-01;2030-12-31;
24012030;50.0;2031-01-01;2031-12-31;
24012030;56.0;2032-01-01;2032-12-31;
24012030;91.0;2033-01-01;2033-12-31;
24012040;33.0;2027-01-01;2028-12-31;
24012040;39.0;2029-01-01;2029-12-31;
24012040;44.0;2030-01-01;2030-12-31;
24012040;50.0;2031-01-01;2031-12-31;
24012040;56.0;2032-01-01;2032-12-31;
24012040;91.0;2033-01-01;2033-12-31;
24012090;33.0;2027-01-01;2028-12-31;
24012090;39.0;2029-01-01;2029-12-31;
24012090;44.0;2030-01-01;2030-12-31;
24012090;50.0;2031-01-01;2031-12-31;
24012090;56.0;2032-01-01;2032-12-31;
24012090;91.0;2033-01-01;2033-12-31;
24013000;33.0;2027-01-01;2028-12-31;
24013000;39.0;2029-01-01;2029-12-31;
24013000;44.0;2030-01-01;2030-12-31;
24013000;50.0;2031-01-01;2031-12-31;
24013000;56.0;2032-01-01;2032-12-31;
24013000;91.0;2033-01-01;2033-12-31;
24021000;13.0;2027-01-01;2028-12-31;
24021000;14.0;2029-01-01;2029-12-31;
24021000;16.0;2030-01-01;2030-12-31;
24021000;17.0;2031-01-01;2031-12-31;
24021000;19.0;2032-01-01;2032-12-31;
24021000;29.0;2033-01-01;2033-12-31;
24022000;13.0;2027-01-01;2028-12-31;
24022000;14.0;2029-01-01;2029-12-31;
24022000;16.0;2030-01-01;2030-12-31;
24022000;17.0;2031-01-01;2031-12-31;
24022000;19.0;2032-01-01;2032-12-31;
24022000;29.0;2033-01-01;2033-12-31;
24029000;13.0;2027-01-01;2028-12-31;
24029000;14.0;2029-01-01;2029-12-31;
24029000;16.0;2030-01-01;2030-12-31;
24029000;17.0;2031-01-01;2031-12-31;
24029000;19.0;2032-01-01;2032-12-31;
24029000;29.0;2033-01-01;2033-12-31;
24031100;33.0;2027-01-01;2028-12-31;
24031100;39.0;2029-01-01;2029-12-31;
24031100;44.0;2030-01-01;2030-12-31;
24031100;50.0;2031-01-01;2031-12-31;
24031100;56.0;2032-01-01;2032-12-31;
24031100;91.0;2033-01-01;2033-12-31;
24031900;33.0;2027-01-01;2028-12-31;
24031900;39.0;2029-01-01;2029-12-31;
24031900;44.0;2030-01-01;2030-12-31;
24031900;50.0;2031-01-01;2031-12-31;
24031900;56.0;2032-01-01;2032-12-31;
24031900;91.0;2033-01-01;2033-12-31;
24039100;33.0;2027-01-01;2028-12-31;
24039100;39.0;2029-01-01;2029-12-31;
24039100;44.0;2030-01-01;2030-12-31;
24039100;50.0;2031-01-01;2031-12-31;
24039100;56.0;2032-01-01;2032-12-31;
24039100;91.0;2033-01-01;2033-12-31;
24039910;33.0;2027-01-01;2028-12-31;
24039910;39.0;2029-01-01;2029-12-31;
24039910;44.0;2030-01-01;2030-12-31;
24039910;50.0;2031-01-01;2031-12-31;
24039910;56.0;2032-01-01;2032-12-31;
24039910;91.0;2033-01-01;2033-12-31;
24039990;33.0;2027-01-01;2028-12-31;
24039990;39.0;2029-01-01;2029-12-31;
24039990;44.0;2030-01-01;2030-12-31;
24039990;50.0;2031-01-01;2031-12-31;
24039990;56.0;2032-01-01;2032-12-31;
24039990;91.0;2033-01-01;2033-12-31;
24041100;33.0;2027-01-01;2028-12-31;
24041100;39.0;2029-01-01;2029-12-31;
24041100;44.0;2030-01-01;2030-12-31;
24041100;50.0;2031-01-01;2031-12-31;
24041100;56.0;2032-01-01;2032-12-31;
24041100;91.0;2033-01-01;2033-12-31;
24041200;33.0;2027-01-01;2028-12-31;
24041200;39.0;2029-01-01;2029-12-31;
24041200;44.0;2030-01-01;2030-12-31;
24041200;50.0;2031-01-01;2031-12-31;
24041200;56.0;2032-01-01;2032-12-31;
24041200;91.0;2033-01-01;2033-12-31;
24041900;33.0;2027-01-01;2028-12-31;
24041900;39.0;2029-01-01;2029-12-31;
24041900;44.0;2030-01-01;2030-12-31;
24041900;50.0;2031-01-01;2031-12-31;
24041900;56.0;2032-01-01;2032-12-31;
24041900;91.0;2033-01-01;2033-12-31;
24049100;33.0;2027-01-01;2028-12-31;
24049100;39.0;2029-01-01;2029-12-31;
24049100;44.0;2030-01-01;2030-12-31;
24049100;50.0;2031-01-01;2031-12-31;
24049100;56.0;2032-01-01;2032-12-31;
24049100;91.0;2033-01-01;2033-12-31;
24049200;33.0;2027-01-01;2028-12-31;
24049200;39.0;2029-01-01;2029-12-31;
24049200;44.0;2030-01-01;2030-12-31;
24049200;50.0;2031-01-01;2031-12-31;
24049200;56.0;2032-01-01;2032-12-31;
24049200;91.0;2033-01-01;2033-12-31;
24049900;33.0;2027-01-01;2028-12-31;
24049900;39.0;2029-01-01;2029-12-31;
24049900;44.0;2030-01-01;2030-12-31;
24049900;50.0;2031-01-01;2031-12-31;
24049900;56.0;2032-01-01;2032-12-31;
24049900;91.0;2033-01-01;2033-12-31;
26011100;1.0;2027-01-01;2033-12-31;
26011210;1.0;2027-01-01;2033-12-31;
26011290;1.0;2027-01-01;2033-12-31;
26012000;1.0;2027-01-01;2033-12-31;
27090010;1.0;2027-01-01;2033-12-31;
27111100;1.0;2027-01-01;2033-12-31;
27112100;1.0;2027-01-01;2033-12-31;
87032100;5.27;2027-01-01;2033-12-31;
87032210;9.78;2027-01-01;2033-12-31;
87032290;9.78;2027-01-01;2033-12-31;
87032310;18.81;2027-01-01;2033-12-31;
87032390;18.81;2027-01-01;2033-12-31;
87032410;18.81;2027-01-01;2033-12-31;
87032490;18.81;2027-01-01;2033-12-31;
87033110;18.81;2027-01-01;2033-12-31;
87033190;18.81;2027-01-01;2033-12-31;
87033210;18.81;2027-01-01;2033-12-31;
87033290;18.81;2027-01-01;2033-12-31;
87033310;18.81;2027-01-01;2033-12-31;
87033390;18.81;2027-01-01;2033-12-31;
87034000;18.81;2027-01-01;2033-12-31;
87035000;18.81;2027-01-01;2033-12-31;
87036000;18.81;2027-01-01;2033-12-31;
87037000;18.81;2027-01-01;2033-12-31;
87039000;18.81;2027-01-01;2033-12-31;
8802;10.0;2027-01-01;2033-12-31;
88021100;10.0;2027-01-01;2033-12-31;88026000
88021210;10.0;2027-01-01;2033-12-31;
88021290;10.0;2027-01-01;2033-12-31;
88022010;10.0;2027-01-01;2033-12-31;
88022021;10.0;2027-01-01;2033-12-31;
88022022;10.0;2027-01-01;2033-12-31;
88022090;10.0;2027-01-01;2033-12-31;
88023010;10.0;2027-01-01;2033-12-31;
88023021;10.0;2027-01-01;2033-12-31;
88023029;10.0;2027-01-01;2033-12-31;
88023031;10.0;2027-01-01;2033-12-31;
88023039;10.0;2027-01-01;2033-12-31;
88023090;10.0;2027-01-01;2033-12-31;
88024010;10.0;2027-01-01;2033-12-31;
88024090;10.0;2027-01-01;2033-12-31;
88026000;10.0;2027-01-01;2033-12-31;
8903;15.0;2027-01-01;2033-12-31;
89031100;15.0;2027-01-01;2033-12-31;
89031200;15.0;2027-01-01;2033-12-31;
89031900;15.0;2027-01-01;2033-12-31;
89032100;15.0;2027-01-01;2033-12-31;
89032200;15.0;2027-01-01;2033-12-31;
89032300;15.0;2027-01-01;2033-12-31;
89033100;15.0;2027-01-01;2033-12-31;
89033200;15.0;2027-01-01;2033-12-31;
89033300;15.0;2027-01-01;2033-12-31;
89039300;15.0;2027-01-01;2033-12-31;
89039900;15.0;2027-01-01;2033-12-31;
