# Fonte: calculadora-pro.db (NCM_APLICAVEL). NCM que começa com o prefixo pode usar o cClassTrib; ausência de regra NÃO significa tributação integral (ex.: medicamentos 200032 valem por registro na Anvisa)
ncm_prefixo;cclasstrib;anexo;item_anexo;excecoes
0102;200038;IX;15;
0102;515001;IX;15;
0103;200038;IX;15;
0103;515001;IX;15;
0104;200038;IX;15;
0104;515001;IX;15;
01051;200038;IX;13;
01051;515001;IX;13;
01069000;200038;IX;17;
01069000;515001;IX;17;
0201;200003;I;19;
0202;200003;I;19;
0203;200003;I;19;
0204;200003;I;19;
02061000;200003;I;19;
02062;200003;I;19;
02063000;200003;I;19;
02064;200003;I;19;
02068000;200003;I;19;
02069000;200003;I;19;
0207;200003;I;19;02074300
0207;200003;I;19;02075300
020910;200003;I;19;
02099000;200003;I;19;
0210;200038;IX;21;
0210;515001;IX;21;
02101;200003;I;19;
02102000;200003;;;
0210991;200003;I;19;
02109920;200003;I;19;
02109990;200003;I;19;
0302;200003;I;20;03021
0302;200003;I;20;03023
0302;200003;I;20;03025100
0302;200003;I;20;03025200
0302;200003;I;20;03025300
0302;200003;I;20;03029
0303;200003;I;20;03031
0303;200003;I;20;03034
0303;200003;I;20;03036300
0303;200003;I;20;03036400
0303;200003;I;20;03036500
0303;200003;I;20;03039
0304;200003;I;20;03044
0304;200003;I;20;03045
0304;200003;I;20;03047
0304;200003;I;20;03048
0304;200003;I;20;03049
03061;200034;VII;1;030611
03061;200034;VII;1;03061500
03063;200034;VII;1;03063100
03063;200034;VII;1;03063400
03063;200034;VII;1;03063910
03073100;200034;VII;1;
03073200;200034;VII;1;
03074200;200034;VII;1;
030743;200034;VII;1;
03074900;200034;;;
03075100;200034;VII;1;
03075200;200034;VII;1;
03079100;200034;VII;1;
03079200;200034;VII;1;
0309;200038;IX;21;
0309;515001;IX;21;
04011010;200003;I;2;
04011090;200003;I;2;
04012010;200003;I;2;
04012090;200003;I;2;
04014010;200003;I;2;
04015010;200003;I;2;
04021010;200003;I;3;
04021090;200003;I;3;
04022110;200003;I;3;
04022120;200003;I;3;
04022910;200003;I;3;
04022920;200003;I;3;
04032000;200034;VII;2;
04039000;200034;VII;2;
04051000;200003;I;5;
04061010;200003;I;21;
04061090;200003;I;21;
04062000;200003;I;21;
04069010;200003;I;21;
04069020;200003;I;21;
04069030;200003;I;21;
04071;200038;IX;16;
04071;515001;IX;16;
04072;200014;XV;1;
04090000;200034;VII;3;
0506;200038;IX;7;
0506;515001;IX;7;
05111000;200038;IX;14;
05111000;515001;IX;14;
05119;200038;IX;14;
05119;515001;IX;14;
06;200014;XV;4;
0601;200038;IX;11;
0601;515001;IX;11;
0602;200038;IX;11;
0602;515001;IX;11;
07;200034;VII;14;0711|07141000|07142000|07143000|07144000|07145000|07149000
07;200034;VII;14;07133319
07;200034;VII;14;07133329
07;200034;VII;14;07133399
07;200034;VII;14;07133590
07;200034;VII;14;0701
07;200034;VII;14;07020000
07;200034;VII;14;0703
07;200034;VII;14;0704
07;200034;VII;14;0705
07;200034;VII;14;0706
07;200034;VII;14;07070000
07;200034;VII;14;0708
07;200034;VII;14;0709
07;200034;VII;14;0710
07;200038;IX;10;
07;515001;IX;10;
0701;200014;XV;2;
07020000;200014;XV;2;
0703;200014;XV;2;
0704;200014;XV;2;
0705;200014;XV;2;
0706;200014;XV;2;
07070000;200014;XV;2;
0708;200014;XV;2;
0709;200014;XV;2;07095
07095;200034;VII;14;
0710;200014;XV;2;
07108000;200034;VII;14;
07129010;200038;IX;21;
07129010;515001;IX;21;
07133319;200003;I;7;
07133329;200003;I;7;
07133399;200003;I;7;
07133590;200003;I;7;
0714;200014;XV;5;
08;200034;VII;14;0812
08;200034;VII;14;08140000
08;200034;VII;14;0803
08;200034;VII;14;0804
08;200034;VII;14;0805
08;200034;VII;14;0806
08;200034;VII;14;0807
08;200034;VII;14;0808
08;200034;VII;14;0809
08;200034;VII;14;0810
08;200034;VII;14;0811
08;200034;VII;14;08011
08011;200014;XV;6;
0803;200014;XV;3;
0804;200014;XV;3;
0805;200014;XV;3;
0806;200014;XV;3;
0807;200014;XV;3;
0808;200014;XV;3;
0809;200014;XV;3;
0810;200014;XV;3;
0811;200014;XV;3;
0901;200003;I;8;
0903;200003;I;23;
10;200034;VII;15;100620
10;200034;VII;15;100630
10;200034;VII;15;10064000
10;200038;IX;10;
10;200038;IX;19;
10;515001;IX;10;
10;515001;IX;19;
100620;200003;I;1;
100630;200003;I;1;
10064000;200003;I;1;
11;200038;IX;19;
11;515001;IX;19;
110100;200034;VII;4;11010010
11010010;200003;I;13;
1102;200034;VII;4;11022000
1102;200034;VII;4;11029000
11022000;200003;I;11;
11029000;200003;I;18;
11031100;200034;VII;5;
11031300;200003;I;11;
11031900;200034;VII;5;
11041;200034;VII;6;11041900
11041;200034;VII;6;11041200
11041200;200003;I;17;
11041900;200003;I;12;
11042;200034;VII;6;11042300
11042;200034;VII;6;11042200
11042200;200003;I;17;
11042300;200003;I;12;
1105;200034;VII;4;
1106;200034;VII;4;11062000
11062000;200003;I;10;
11081200;200034;VII;7;
12;200034;VII;15;
12;200038;IX;10;
12;200038;IX;19;
12;515001;IX;10;
12;515001;IX;19;
12011000;200038;IX;7;
12011000;515001;IX;7;
1208;200034;VII;4;
1211;200038;IX;5;
1211;515001;IX;5;
12130000;200038;IX;7;
12130000;515001;IX;7;
13019090;200038;IX;7;
13019090;515001;IX;7;
1302199;200038;IX;7;
1302199;515001;IX;7;
14019000;200038;IX;7;
14019000;515001;IX;7;
14049090;200038;IX;7;
14049090;515001;IX;7;
15;200038;IX;21;
15;515001;IX;21;
150790;200034;VII;8;
1508;200034;VII;8;
1511;200034;VII;8;
1512;200034;VII;8;
1513;200034;VII;8;
15131900;200011;VI;81;
15131900;200033;VI;81;
15132120;200003;I;9;
15132911;200011;VI;81;
15132911;200033;VI;81;
1514;200034;VII;8;
1515;200034;VII;8;
15171000;200003;I;6;
17011400;200003;I;14;
17019900;200003;I;14;
17023011;200011;VI;58;
17023011;200033;VI;58;
17025000;200011;VI;54;
17025000;200033;VI;54;
19011010;200003;I;4;
19011090;200003;I;4;
19012010;200003;I;16;
19012090;200003;I;16;
19019090;200003;I;24;
19021;200003;I;15;
19021900;200003;I;25;
19022000;200034;VII;9;
19023000;200034;VII;9;
19030000;200003;I;10;
19059010;200034;VII;12;
19059090;200003;I;16;
20021000;200011;VI;15;
20021000;200033;VI;15;
20021000;200034;VII;16;
20029000;200034;VII;13;
2004;200034;VII;16;
2005;200034;VII;16;
2008;200034;VII;11;
20081;200034;VII;17;
2009;200034;VII;10;
21011;200003;I;8;
21022000;200038;IX;7;
21022000;515001;IX;7;
21069030;200043;XI;2.10;
21069030;200044;XI;2.10;
21069090;200003;I;4;
21069090;200003;I;26;
21069090;200011;VI;39;
21069090;200011;VI;40;
21069090;200011;VI;41;
21069090;200011;VI;42;
21069090;200011;VI;43;
21069090;200011;VI;44;
21069090;200011;VI;45;
21069090;200011;VI;46;
21069090;200033;VI;39;
21069090;200033;VI;40;
21069090;200033;VI;41;
21069090;200033;VI;42;
21069090;200033;VI;43;
21069090;200033;VI;44;
21069090;200033;VI;45;
21069090;200033;VI;46;
22021000;000001;;;
22021000;000002;;;
22021000;000003;;;
22021000;200007;;;
22021000;400001;;;
22029900;200011;VI;47;
22029900;200011;VI;48;
22029900;200033;VI;47;
22029900;200033;VI;48;
22029900;200034;VII;2;
2203;000001;;;
2203;000002;;;
2203;000003;;;
2203;200001;;;
2203;200002;;;
2203;200003;;;
2203;200004;;;
2203;200005;;;
2203;200006;;;
2203;200007;;;
2203;200008;;;
2203;400001;;;
2204;000001;;;
2204;000002;;;
2204;000003;;;
2204;200001;;;
2204;200002;;;
2204;200003;;;
2204;200004;;;
2204;200005;;;
2204;200006;;;
2204;200007;;;
2204;200008;;;
2204;400001;;;
2205;000001;;;
2205;000002;;;
2205;000003;;;
2205;200001;;;
2205;200002;;;
2205;200003;;;
2205;200004;;;
2205;200005;;;
2205;200006;;;
2205;200007;;;
2205;200008;;;
2205;400001;;;
2206;000001;;;
2206;000002;;;
2206;000003;;;
2206;200001;;;
2206;200002;;;
2206;200003;;;
2206;200004;;;
2206;200005;;;
2206;200006;;;
2206;200007;;;
2206;200008;;;
2206;400001;;;
2208;000001;;;
2208;000002;;;
2208;000003;;;
2208;200001;;;
2208;200002;;;
2208;200003;;;
2208;200004;;;
2208;200005;;;
2208;200006;;;
2208;200007;;;
2208;200008;;;
2208;400001;;;
2301;200038;IX;20;
2301;515001;IX;20;
2302;200038;IX;7;
2302;200038;IX;20;
2302;515001;IX;7;
2302;515001;IX;20;
2303;200038;IX;7;
2303;200038;IX;20;
2303;515001;IX;7;
2303;515001;IX;20;
23032000;200038;X;11;
23033000;200038;X;11;
230400;200038;IX;7;
230400;200038;IX;20;
230400;515001;IX;7;
230400;515001;IX;20;
230500;200038;IX;20;
230500;515001;IX;20;
23050000;200038;IX;7;
23050000;515001;IX;7;
2306;200038;IX;7;
2306;200038;IX;20;
2306;515001;IX;7;
2306;515001;IX;20;
23080000;200038;IX;7;
23080000;200038;IX;20;
23080000;515001;IX;7;
23080000;515001;IX;20;
230990;200038;IX;18;
230990;515001;IX;18;
2401;000001;;;
2401;000002;;;
2401;000003;;;
2401;200001;;;
2401;200002;;;
2401;200003;;;
2401;200004;;;
2401;200005;;;
2401;200006;;;
2401;200007;;;
2401;200008;;;
2401;400001;;;
2402;000001;;;
2402;000002;;;
2402;000003;;;
2402;200001;;;
2402;200002;;;
2402;200003;;;
2402;200004;;;
2402;200005;;;
2402;200006;;;
2402;200007;;;
2402;200008;;;
2402;400001;;;
2403;000001;;;
2403;000002;;;
2403;000003;;;
2403;200001;;;
2403;200002;;;
2403;200003;;;
2403;200004;;;
2403;200005;;;
2403;200006;;;
2403;200007;;;
2403;200008;;;
2403;400001;;;
2404;000001;;;
2404;000002;;;
2404;000003;;;
2404;200001;;;
2404;200002;;;
2404;200003;;;
2404;200004;;;
2404;200005;;;
2404;200006;;;
2404;200007;;;
2404;200008;;;
2404;400001;;;
25;200038;IX;3;
25;515001;IX;3;
250100;200038;IX;21;
250100;515001;IX;21;
25010020;200003;I;22;
25010090;200003;I;22;
25010090;200011;VI;30;
25010090;200033;VI;30;
25030010;200038;IX;8;
25030010;515001;IX;8;
25030090;200038;IX;8;
25030090;515001;IX;8;
25101010;200038;IX;8;
25101010;515001;IX;8;
25101090;200038;IX;8;
25101090;515001;IX;8;
25102010;200038;IX;8;
25102010;515001;IX;8;
25102090;200038;IX;8;
25102090;515001;IX;8;
25210000;200038;IX;21;
25210000;515001;IX;21;
2601;000002;;;
2601;000003;;;
2601;200007;;;
27030000;200038;IX;7;
27030000;515001;IX;7;
27090010;000002;;;
27090010;000003;;;
27090010;200007;;;
27111100;000002;;;
27111100;000003;;;
27111100;200007;;;
27112100;000002;;;
27112100;000003;;;
27112100;200007;;;
28020000;200038;IX;8;
28020000;515001;IX;8;
28061020;200038;IX;8;
28061020;515001;IX;8;
28070010;200038;IX;8;
28070010;515001;IX;8;
28080010;200038;IX;8;
28080010;515001;IX;8;
28092011;200038;IX;8;
28092011;515001;IX;8;
28092019;200038;IX;8;
28092019;515001;IX;8;
28111920;200038;IX;8;
28111920;515001;IX;8;
28111990;200011;VI;14;
28111990;200033;VI;14;
28151100;200038;IX;8;
28151100;515001;IX;8;
28151200;200038;IX;8;
28151200;515001;IX;8;
28272010;200011;VI;26;
28272010;200033;VI;26;
28272090;200011;VI;26;
28272090;200033;VI;26;
28273110;200011;VI;27;
28273110;200033;VI;27;
28273190;200011;VI;27;
28273190;200033;VI;27;
28273993;200011;VI;25;
28273993;200033;VI;25;
28273995;200011;VI;28;
28273995;200033;VI;28;
28273998;200011;VI;31;
28273998;200033;VI;31;
28276012;200011;VI;61;
28276012;200033;VI;61;
28332100;200011;VI;75;
28332100;200033;VI;75;
28332970;200011;VI;76;
28332970;200033;VI;76;
28352200;200011;VI;51;
28352200;200033;VI;51;
28352400;200011;VI;49;
28352400;200011;VI;50;
28352400;200033;VI;49;
28352400;200033;VI;50;
28362010;200038;IX;8;
28362010;515001;IX;8;
28362090;200038;IX;8;
28362090;515001;IX;8;
28363000;200011;VI;21;
28363000;200033;VI;21;
28399010;200038;IX;7;
28399010;515001;IX;7;
28399050;200038;IX;7;
28399050;515001;IX;7;
28429000;200011;VI;72;
28429000;200033;VI;72;
28444390;200005;IV;39;
28444390;200030;IV;39;
29054400;200011;VI;74;
29054400;200033;VI;74;
29152100;200011;VI;7;
29152100;200033;VI;7;
29152100;200038;IX;8;
29152100;515001;IX;8;
29152910;200011;VI;4;
29152910;200033;VI;4;
29152990;200011;VI;3;
29152990;200011;VI;5;
29152990;200033;VI;3;
29152990;200033;VI;5;
29181400;200011;VI;10;
29181400;200033;VI;10;
29181610;200011;VI;57;
29181610;200033;VI;57;
29181990;200011;VI;13;
29181990;200033;VI;13;
29199090;200011;VI;55;
29199090;200033;VI;55;
29224;200038;IX;7;
29224;515001;IX;7;
29224110;200011;VI;66;
29224110;200033;VI;66;
29224190;200011;VI;2;
29224190;200033;VI;2;
29224210;200011;VI;12;
29224210;200033;VI;12;
29224910;200011;VI;56;
29224910;200033;VI;56;
29224990;200011;VI;9;
29224990;200011;VI;16;
29224990;200011;VI;17;
29224990;200011;VI;20;
29224990;200011;VI;37;
29224990;200011;VI;62;
29224990;200011;VI;64;
29224990;200011;VI;65;
29224990;200011;VI;70;
29224990;200011;VI;77;
29224990;200033;VI;9;
29224990;200033;VI;16;
29224990;200033;VI;17;
29224990;200033;VI;20;
29224990;200033;VI;37;
29224990;200033;VI;62;
29224990;200033;VI;64;
29224990;200033;VI;65;
29224990;200033;VI;70;
29224990;200033;VI;77;
29225039;200011;VI;6;
29225039;200011;VI;78;
29225039;200033;VI;6;
29225039;200033;VI;78;
29225099;200011;VI;73;
29225099;200011;VI;80;
29225099;200033;VI;73;
29225099;200033;VI;80;
29232000;200011;VI;63;
29232000;200033;VI;63;
29252919;200011;VI;19;
29252919;200033;VI;19;
293040;200038;IX;7;
293040;200038;IX;21;
293040;515001;IX;7;
293040;515001;IX;21;
29304010;200011;VI;67;
29304010;200033;VI;67;
29304090;200011;VI;67;
29304090;200033;VI;67;
29309039;200011;VI;24;
29309039;200033;VI;24;
29332992;200011;VI;59;
29332992;200033;VI;59;
29362113;200011;VI;69;
29362113;200033;VI;69;
29362210;200011;VI;33;
29362210;200033;VI;33;
29362290;200011;VI;34;
29362290;200011;VI;52;
29362290;200033;VI;34;
29362290;200033;VI;52;
29362310;200011;VI;71;
29362310;200033;VI;71;
29362320;200011;VI;53;
29362320;200033;VI;53;
29362520;200011;VI;32;
29362520;200033;VI;32;
29362610;200011;VI;23;
29362610;200033;VI;23;
29362710;200011;VI;8;
29362710;200033;VI;8;
29362811;200011;VI;79;
29362811;200033;VI;79;
29362812;200011;VI;1;
29362812;200033;VI;1;
29362911;200011;VI;11;
29362911;200033;VI;11;
29362921;200011;VI;35;
29362921;200033;VI;35;
29362929;200011;VI;36;
29362929;200033;VI;36;
29362931;200011;VI;22;
29362931;200033;VI;22;
29362940;200011;VI;38;
29362940;200033;VI;38;
29362952;200011;VI;68;
29362952;200033;VI;68;
300212;200038;IX;12;
300212;515001;IX;12;
30021221;200005;IV;45;
30021221;200005;IV;48;
30021221;200030;IV;45;
30021221;200030;IV;48;
30021222;200005;IV;46;
30021222;200030;IV;46;
30021223;200005;IV;47;
30021223;200030;IV;47;
30021229;200005;IV;48;
30021229;200030;IV;48;
30021236;200011;VI;18;
30021236;200033;VI;18;
300215;200038;IX;12;
300215;515001;IX;12;
300242;200038;IX;12;
300242;515001;IX;12;
300249;200038;IX;4;
300249;515001;IX;4;
30029000;200038;IX;4;
30029000;200038;IX;12;
30029000;515001;IX;4;
30029000;515001;IX;12;
3004;200038;IX;12;
3004;515001;IX;12;
30049099;200005;IV;5;
30049099;200005;IV;9;
30049099;200030;IV;5;
30049099;200030;IV;9;
30059090;200005;IV;35;
30059090;200030;IV;35;
300610;200005;IV;23;
300610;200030;IV;23;
30061090;200005;IV;36;
30061090;200030;IV;36;
30063021;200005;IV;50;
30063021;200030;IV;50;
30064012;200005;IV;51;
30064012;200030;IV;51;
30064020;200005;IV;4;
30064020;200030;IV;4;
30067000;200005;IV;52;
30067000;200030;IV;52;
30069110;200005;IV;53;
30069110;200030;IV;53;
30069190;200005;IV;54;
30069190;200030;IV;54;
31;200038;IX;2;
31;515001;IX;2;
31010000;200038;IX;1;
31010000;515001;IX;1;
31042010;200011;VI;29;
31042010;200033;VI;29;
31042090;200011;VI;29;
31042090;200033;VI;29;
3301;200038;IX;7;
3301;515001;IX;7;
33061000;200035;VIII;2;
34011190;200035;VIII;1;
34011900;200035;VIII;6;
35051000;200011;VI;60;
35051000;200033;VI;60;
3507904;200038;IX;9;
3507904;515001;IX;9;
36020000;200043;XI;2.8;
36020000;200044;XI;2.8;
37011010;200005;IV;3;
37011010;200030;IV;3;
37011029;200005;IV;28;
37011029;200030;IV;28;
37021010;200005;IV;19;
37021010;200030;IV;19;
37021020;200005;IV;18;
37021020;200030;IV;18;
38029040;200038;IX;7;
38029040;515001;IX;7;
380400;200038;IX;7;
380400;515001;IX;7;
38070000;200038;IX;5;
38070000;515001;IX;5;
3808;200038;IX;5;
3808;200038;IX;6;
3808;515001;IX;5;
3808;515001;IX;6;
38089419;200035;VIII;5;
38210000;200005;IV;75;
38210000;200030;IV;75;
38210000;200038;IX;4;
38210000;515001;IX;4;
38221;200005;IV;49;
38221;200030;IV;49;
3824;200038;IX;5;
3824;515001;IX;5;
38249971;200038;IX;7;
38249971;515001;IX;7;
38249977;200038;IX;2;
38249977;515001;IX;2;
38249979;200038;IX;2;
38249979;515001;IX;2;
38249989;200005;IV;93;
38249989;200030;IV;93;
38249989;200038;IX;2;
38249989;200038;IX;6;
38249989;515001;IX;2;
38249989;515001;IX;6;
391740;200005;IV;7;
391740;200005;IV;8;
391740;200030;IV;7;
391740;200030;IV;8;
39269030;200005;IV;1;
39269030;200005;IV;55;
39269030;200030;IV;1;
39269030;200030;IV;55;
39269040;200005;IV;6;
39269040;200005;IV;56;
39269040;200030;IV;6;
39269040;200030;IV;56;
39269050;200005;IV;57;
39269050;200030;IV;57;
40141000;200005;IV;91;
40141000;200030;IV;91;
40151;200005;IV;58;
40151;200030;IV;58;
44013900;200038;IX;7;
44013900;515001;IX;7;
44014;200038;IX;7;
44014;515001;IX;7;
44029000;200038;IX;7;
44029000;515001;IX;7;
47010000;200038;IX;7;
47010000;515001;IX;7;
48181000;200035;VIII;4;
49119100;200039;X;42;
53050090;200038;IX;7;
53050090;515001;IX;7;
66020000;200008;V;2.1;
66020000;200031;V;2.1;
68062000;200038;IX;7;
68062000;515001;IX;7;
83024100;200007;XIII;1;
84198110;200005;IV;73;
84198110;200030;IV;73;
84198999;200005;IV;76;
84198999;200030;IV;76;
84199040;200005;IV;77;
84199040;200030;IV;77;
84212911;200005;IV;25;
84212911;200030;IV;25;
84212990;200005;IV;20;
84212990;200005;IV;21;
84212990;200005;IV;22;
84212990;200030;IV;20;
84212990;200030;IV;21;
84212990;200030;IV;22;
84253110;200008;V;1.13;
84253110;200031;V;1.13;
84289090;200008;V;1.11;
84289090;200031;V;1.11;
84433222;200008;V;2.9;
84433222;200031;V;2.9;
84701000;200008;V;2.4;
84701000;200031;V;2.4;
84702900;200008;V;2.4;
84702900;200031;V;2.4;
84714900;200043;XI;2.26;
84714900;200044;XI;2.26;
84715090;200043;XI;2.25;
84715090;200044;XI;2.25;
84716053;200008;V;3.3;
84716053;200031;V;3.3;
84716090;200008;V;2.7;
84716090;200031;V;2.7;
84718000;200008;;;
84718000;200031;;;
84719014;200043;XI;2.24;
84719014;200044;XI;2.24;
84729099;200008;V;2.8;
84729099;200031;V;2.8;
84798912;200005;IV;78;
84798912;200030;IV;78;
84798999;200005;IV;41;
84798999;200030;IV;41;
85171;200008;V;3.1;
85171;200031;V;3.1;
85176234;200043;XI;2.27;
85176234;200044;XI;2.27;
8517624;200043;XI;2.27;
8517624;200044;XI;2.27;
85176259;200043;XI;2.22;
85176259;200043;XI;2.23;
85176259;200043;XI;2.26;
85176259;200044;XI;2.22;
85176259;200044;XI;2.23;
85176259;200044;XI;2.26;
8517627;200043;XI;2.28;
8517627;200044;XI;2.28;
852351;200043;XI;2.29;
852351;200043;XI;2.30;
852351;200044;XI;2.29;
852351;200044;XI;2.30;
852352;200043;XI;2.24;
852352;200044;XI;2.24;
85258929;200043;XI;2.9;
85258929;200044;XI;2.9;
85261000;200043;XI;2.6;
85261000;200044;XI;2.6;
85437099;200008;V;2.5;
85437099;200031;V;2.5;
8701;200043;XI;2.5;
8701;200044;XI;2.5;
8703;000001;;;
8703;000002;;;
8703;000003;;;
8703;000004;;;
8703;200007;;;
8703;400001;;;
870421;000001;;;
870421;000002;;;
870421;000003;;;
870421;000004;;;
870421;200007;;;
870421;400001;;;
870431;000001;;;
870431;000002;;;
870431;000003;;;
870431;000004;;;
870431;200007;;;
870431;400001;;;
87044100;000001;;;
87044100;000002;;;
87044100;000003;;;
87044100;000004;;;
87044100;200007;;;
87044100;400001;;;
87045100;000001;;;
87045100;000002;;;
87045100;000003;;;
87045100;000004;;;
87045100;200007;;;
87045100;400001;;;
87046000;000001;;;
87046000;000002;;;
87046000;000003;;;
87046000;000004;;;
87046000;200007;;;
87046000;400001;;;
87049000;000001;;;
87049000;000002;;;
87049000;000003;;;
87049000;000004;;;
87049000;200007;;;
87049000;400001;;;
87082999;200008;V;1.6;
87082999;200008;V;1.8;
87082999;200008;V;1.9;
87082999;200008;V;1.12;
87082999;200031;V;1.6;
87082999;200031;V;1.8;
87082999;200031;V;1.9;
87082999;200031;V;1.12;
87089910;200008;V;1.1;
87089910;200008;V;1.2;
87089910;200008;V;1.3;
87089910;200008;V;1.4;
87089910;200008;V;1.5;
87089910;200008;V;1.7;
87089910;200031;V;1.1;
87089910;200031;V;1.2;
87089910;200031;V;1.3;
87089910;200031;V;1.4;
87089910;200031;V;1.5;
87089910;200031;V;1.7;
8709;200043;XI;2.1;
8709;200043;XI;2.3;
8709;200044;XI;2.1;
8709;200044;XI;2.3;
87100000;200043;XI;2.2;
87100000;200044;XI;2.2;
87131000;200007;XIII;2.1;
87139000;200007;XIII;2.2;
87142000;200007;XIII;3;
8802;000001;;;
8802;000002;;;
8802;000003;;;
8802;000004;;;
8802;200007;;;
8802;200043;XI;2.14;
8802;200044;XI;2.14;
8802;400001;;;
88026000;200043;XI;2.15;
88026000;200044;XI;2.15;
88040000;200043;XI;2.16;
88040000;200044;XI;2.16;
8805;200043;XI;2.19;
8805;200044;XI;2.19;
88051000;200043;XI;2.17;
88051000;200044;XI;2.17;
88052100;200043;XI;2.18;
88052100;200044;XI;2.18;
8806;200043;XI;2.14;
8806;200044;XI;2.14;
89012000;200043;XI;2.21;
89012000;200044;XI;2.21;
8903;000001;;;
8903;000002;;;
8903;000003;;;
8903;000004;;;
8903;200007;;;
8903;400001;;;
89061000;200043;XI;2.21;
89061000;200044;XI;2.21;
901420;200043;XI;2.20;
901420;200044;XI;2.20;
90172000;200008;V;2.6;
90172000;200031;V;2.6;
90181100;200004;XII;1.1;
901812;200004;XII;17;
90181300;200004;XII;16;
90181980;200004;XII;1.2;
90181980;200004;XII;1.3;
90181980;200004;XII;14;
90181990;200004;;;
901820;200004;XII;2;
90182010;200005;IV;70;
90182010;200030;IV;70;
901831;200005;IV;59;
901831;200030;IV;59;
901832;200005;IV;60;
901832;200030;IV;60;
90183910;200005;IV;61;
90183910;200030;IV;61;
9018392;200005;IV;62;
9018392;200030;IV;62;
90183929;200005;IV;98;
90183929;200005;IV;99;
90183929;200005;IV;100;
90183929;200005;IV;101;
90183929;200005;IV;103;
90183929;200005;IV;104;
90183929;200030;IV;98;
90183929;200030;IV;99;
90183929;200030;IV;100;
90183929;200030;IV;101;
90183929;200030;IV;103;
90183929;200030;IV;104;
90183930;200005;IV;63;
90183930;200030;IV;63;
9018399;200005;IV;64;
9018399;200030;IV;64;
90183991;200005;IV;102;
90183991;200030;IV;102;
90183999;200005;IV;68;
90183999;200005;IV;102;
90183999;200030;IV;68;
90183999;200030;IV;102;
9018491;200005;IV;65;
9018491;200030;IV;65;
90184920;200005;IV;66;
90184920;200030;IV;66;
90185090;200005;IV;74;
90185090;200030;IV;74;
90189010;200004;XII;15;
90189010;200005;IV;10;
90189010;200030;IV;10;
90189021;200005;IV;71;
90189021;200030;IV;71;
90189040;200005;IV;24;
90189040;200005;IV;33;
90189040;200030;IV;24;
90189040;200030;IV;33;
90189095;200005;IV;67;
90189095;200030;IV;67;
90189099;200004;XII;9;
90189099;200005;IV;2;
90189099;200005;IV;29;
90189099;200005;IV;30;
90189099;200005;IV;31;
90189099;200005;IV;32;
90189099;200005;IV;68;
90189099;200005;IV;72;
90189099;200005;IV;92;
90189099;200005;IV;105;
90189099;200030;IV;2;
90189099;200030;IV;29;
90189099;200030;IV;30;
90189099;200030;IV;31;
90189099;200030;IV;32;
90189099;200030;IV;68;
90189099;200030;IV;72;
90189099;200030;IV;92;
90189099;200030;IV;105;
90192040;200004;XII;13;
90211010;200004;XII;3;
90211010;200005;IV;42;
90211010;200030;IV;42;
90211020;200004;XII;4;
90211020;200005;IV;42;
90211020;200030;IV;42;
90212900;200005;IV;42;
90212900;200030;IV;42;
90213;200004;XII;5;90213991|90213991
90213;200004;XII;5;90213999|90213999
90214000;200007;XIII;4;
90215000;200005;IV;26;
90215000;200005;IV;27;
90215000;200030;IV;26;
90215000;200030;IV;27;
90219011;200005;IV;43;
90219011;200030;IV;43;
90219012;200005;IV;40;
90219012;200005;IV;44;
90219012;200030;IV;40;
90219012;200030;IV;44;
90219019;200005;IV;11;
90219019;200005;IV;12;
90219019;200005;IV;17;
90219019;200005;IV;34;
90219019;200005;IV;37;
90219019;200005;IV;38;
90219019;200007;XIII;6;
90219019;200030;IV;11;
90219019;200030;IV;12;
90219019;200030;IV;17;
90219019;200030;IV;34;
90219019;200030;IV;37;
90219019;200030;IV;38;
90219080;200005;IV;12;
90219080;200030;IV;12;
90219089;200005;IV;37;
90219089;200030;IV;37;
90219091;200005;IV;13;
90219091;200005;IV;14;
90219091;200005;IV;15;
90219091;200005;IV;16;
90219091;200005;IV;94;
90219091;200030;IV;13;
90219091;200030;IV;14;
90219091;200030;IV;15;
90219091;200030;IV;16;
90219091;200030;IV;94;
90219092;200007;XIII;5;
90219099;200005;IV;95;
90219099;200005;IV;96;
90219099;200005;IV;97;
90219099;200030;IV;95;
90219099;200030;IV;96;
90219099;200030;IV;97;
90221200;200004;XII;6;
902213;200004;XII;7;
902214;200004;XII;7;
902219;200004;XII;7;90221991|90221991
90222110;200004;XII;8;
90222120;200004;XII;10;
90222190;200004;XII;11;
9025;200004;XII;12;
90251990;200008;V;2.3;
90251990;200031;V;2.3;
90272012;200005;IV;79;
90272012;200030;IV;79;
90272021;200005;IV;80;
90272021;200030;IV;80;
90272029;200005;IV;81;
90272029;200030;IV;81;
902730;200005;IV;82;
902730;200030;IV;82;
90275020;200005;IV;83;
90275020;200030;IV;83;
90275050;200005;IV;84;
90275050;200030;IV;84;
90275090;200005;IV;85;
90275090;200030;IV;85;
90278100;200005;IV;87;
90278100;200030;IV;87;
90278999;200005;IV;86;
90278999;200005;IV;88;
90278999;200030;IV;86;
90278999;200030;IV;88;
90279010;200005;IV;89;
90279010;200030;IV;89;
9027909;200005;IV;90;
9027909;200030;IV;90;
90318099;200043;XI;2.4;
90318099;200044;XI;2.4;
91021110;200008;V;2.2;
91021110;200031;V;2.2;
91021190;200008;V;2.2;
91021190;200031;V;2.2;
91029100;200008;V;2.2;
91029100;200031;V;2.2;
91031000;200008;V;3.2;
91031000;200031;V;3.2;
91051100;200008;V;3.2;
91051100;200031;V;3.2;
93012000;200043;XI;2.7;
93012000;200044;XI;2.7;
9306;200043;XI;2.8;
9306;200043;XI;2.11;
9306;200043;XI;2.13;
9306;200044;XI;2.8;
9306;200044;XI;2.11;
9306;200044;XI;2.13;
93062;200043;XI;2.12;
93062;200044;XI;2.12;
940290;200005;IV;69;
940290;200030;IV;69;
96032100;200035;VIII;3;
96190000;200035;VIII;7;
97019100;200039;X;43;
97029000;200039;X;44;
97039000;200039;X;45;
